{"assets/fonts/Almarai-Bold.ttf":["assets/fonts/Almarai-Bold.ttf"],"assets/fonts/Almarai-ExtraBold.ttf":["assets/fonts/Almarai-ExtraBold.ttf"],"assets/fonts/Almarai-Light.ttf":["assets/fonts/Almarai-Light.ttf"],"assets/fonts/Almarai-Regular.ttf":["assets/fonts/Almarai-Regular.ttf"],"assets/images/empty.svg":["assets/images/empty.svg"],"assets/images/error.svg":["assets/images/error.svg"],"assets/images/help.svg":["assets/images/help.svg"],"assets/images/logo.svg":["assets/images/logo.svg"],"assets/images/offline.svg":["assets/images/offline.svg"],"packages/cupertino_icons/assets/CupertinoIcons.ttf":["packages/cupertino_icons/assets/CupertinoIcons.ttf"],"packages/font_awesome_flutter/lib/fonts/fa-brands-400.ttf":["packages/font_awesome_flutter/lib/fonts/fa-brands-400.ttf"],"packages/font_awesome_flutter/lib/fonts/fa-regular-400.ttf":["packages/font_awesome_flutter/lib/fonts/fa-regular-400.ttf"],"packages/font_awesome_flutter/lib/fonts/fa-solid-900.ttf":["packages/font_awesome_flutter/lib/fonts/fa-solid-900.ttf"]}